{
  "learning_rates": [
    5.000000000000004e-05,
    0.0001341347897639864,
    0.0003598428365005763,
    0.0009653488644416258,
    0.0025897373396156073,
    0.006947477471865693,
    0.01863796860157471,
    0.05000000000000001
  ],
  "final_losses": [
    0.12729758024215698,
    0.05709298327565193,
    0.00020047569705639035,
    0.08204802125692368,
    0.00013745049363933504,
    0.0003098989836871624,
    0.22286996245384216,
    0.12739801406860352
  ],
  "best_losses": [
    0.0008990861824713647,
    0.0005203794571571052,
    9.042713645612821e-05,
    7.187767187133431e-05,
    9.497225983068347e-05,
    0.0003098989836871624,
    0.0033489910420030355,
    0.00012892408994957805
  ],
  "final_steps": [
    9999,
    9999,
    9999,
    9999,
    9999,
    9999,
    5800,
    9999
  ],
  "diverged": [
    false,
    false,
    false,
    false,
    false,
    false,
    false,
    false
  ],
  "divergence_reasons": [
    null,
    null,
    null,
    null,
    null,
    null,
    null,
    null
  ]
}