{
  "batch_sizes": [
    256
  ],
  "final_losses": [
    3.6047157287597655
  ],
  "best_losses": [
    3.372637760639191
  ],
  "final_steps": [
    12551
  ],
  "diverged": [
    false
  ],
  "divergence_reasons": [
    null
  ]
}